item_id,agent,verb_ing,typical,atypical
T01,chef,chopping,onions,branches
T02,baker,kneading,dough,clay
T03,mechanic,repairing,engine,violin
T04,farmer,milking,cow,camel
T05,pilot,flying,plane,kite
T06,waiter,serving,customers,soldiers
T07,doctor,examining,patient,painting
T08,teacher,grading,exams,eggs
T09,gardener,watering,plants,horses
T10,student,reading,textbook,menu
T11,nurse,bandaging,wound,puppy
T12,fisherman,catching,fish,butterflies
T13,hunter,tracking,deer,package
T14,journalist,writing,article,song
T15,police officer,arresting,suspect,mayor
T16,carpenter,sawing,wood,ice
T17,tailor,sewing,dress,wound
T18,painter,painting,wall,nails
T19,barber,cutting,hair,cake
T20,dentist,drilling,tooth,wall
T21,plumber,fixing,pipes,clock
T22,librarian,shelving,books,groceries
T23,cashier,counting,money,sheep
T24,mother,feeding,baby,pigeons
T25,cat,chasing,mouse,leaf
T26,boy,kicking,ball,door
T27,bartender,mixing,cocktail,paint
T28,surgeon,operating on,patient,dog
T29,firefighter,extinguishing,fire,candle
T30,lumberjack,cutting,trees,bread
T31,sailor,steering,ship,car
T32,jockey,riding,horse,bicycle
T33,astronomer,observing,stars,birds
T34,detective,solving,crime,puzzle
T35,thief,stealing,jewels,apples
T36,judge,sentencing,criminal,senator
T37,soldier,loading,rifle,dishwasher
T38,pianist,playing,piano,cards
T39,composer,writing,symphony,recipe
T40,priest,blessing,congregation,car
T41,shepherd,herding,sheep,children
T42,secretary,typing,letter,poem
T43,farmer,harvesting,wheat,honey
T44,zookeeper,feeding,animals,tourists
T45,mailman,delivering,letters,pizza
